Stock,Daily mean,Annualized rate of return,Annualized volatility,Sharpe ratio,Cumulative return,Max drawdown,Win rate,Composite score
stock_16_SP100,0.0025120846774193523,0.6330453387096768,0.17481204501431982,3.6212913055151352,0.8355217429728847,-0.06528868664450377,0.6169354838709677,0.9733695652173912
stock_13_SP100,0.0027289677419354828,0.6876998709677417,0.2279163035962624,3.017335136261043,0.9165704624934996,-0.10717633173529928,0.592741935483871,0.9519021739130434
stock_44_SP100,0.002401334677419357,0.605136338709678,0.22997639013166427,2.631297666526682,0.7664813442175282,-0.09824613363045696,0.5725806451612904,0.9279891304347825
stock_90_SP100,0.0018887943548387086,0.47597617741935455,0.13668601612604384,3.4822594944931105,0.582261715174714,-0.05406008369774971,0.592741935483871,0.9277173913043478
stock_50_SP100,0.0026966733870967745,0.6795616935483871,0.27925771516851305,2.433457185375587,0.8787634014550953,-0.08549828906713702,0.5604838709677419,0.921195652173913
stock_18_SP100,0.0020827741935483843,0.5248590967741928,0.19551507458815606,2.684494266643048,0.6444154620472049,-0.11253403665574827,0.592741935483871,0.9105978260869565
stock_52_SP100,0.001966830645161294,0.4956413225806461,0.19885318375448188,2.4924988035021842,0.5964373783345531,-0.10130447656882104,0.6169354838709677,0.9
stock_27_SP100,0.002004439516129035,0.5051187580645169,0.19714988071677128,2.5621053192021894,0.611980703126006,-0.10273849811206458,0.5725806451612904,0.8942934782608697
stock_82_SP100,0.0019712903225806433,0.4967651612903221,0.17250633708494043,2.879692246005547,0.6065366470584332,-0.08198062896953084,0.5403225806451613,0.8932065217391304
stock_86_SP100,0.0021710161290322584,0.5470960645161291,0.22802921878733012,2.3992366742543396,0.6695195901190154,-0.10422356749222722,0.5524193548387096,0.8858695652173912
stock_47_SP100,0.002198229838709679,0.5539539193548391,0.2160654027451959,2.5638251766207674,0.6851663165680337,-0.16862119166233497,0.5887096774193549,0.8801630434782609
stock_67_SP100,0.0022405604838709693,0.5646212419354842,0.2448695613450337,2.305804113970311,0.691726638785972,-0.13921229818914013,0.5887096774193549,0.877445652173913
stock_25_SP100,0.0024800040322580613,0.6249610161290314,0.272832528629369,2.290639680204751,0.78285043916658,-0.13681485146688693,0.5443548387096774,0.8630434782608697
stock_1_SP100,0.0014134193548387063,0.35618167741935397,0.13479000197646696,2.6424933021481807,0.4068831948930658,-0.09860174756056357,0.6048387096774194,0.8597826086956522
stock_70_SP100,0.0026488669354838737,0.6675144677419361,0.297893757500616,2.2407803149099417,0.8463474798752859,-0.1344577463924254,0.5161290322580645,0.8432065217391304
stock_41_SP100,0.002384354838709674,0.6008574193548379,0.3114132692568304,1.929453490497528,0.7219724482305796,-0.1993985612095671,0.5887096774193549,0.821195652173913
stock_15_SP100,0.002159528225806452,0.5442011129032259,0.2368166665696116,2.2979848537951595,0.6615665907913277,-0.1694990458771569,0.532258064516129,0.8182065217391303
stock_21_SP100,0.0019781209677419385,0.4984864838709685,0.26227162960735323,1.90064966087736,0.5782708328844526,-0.16478084315624986,0.592741935483871,0.8149456521739131
stock_56_SP100,0.0013637177419354857,0.3436568709677424,0.1460074787277179,2.3536936187262776,0.3876356305382458,-0.09713278610796126,0.5483870967741935,0.814945652173913
stock_63_SP100,0.002725810483870964,0.6869042419354829,0.3642577114957582,1.885764447140557,0.8444104806505697,-0.18426440902464886,0.5524193548387096,0.8133152173913044
stock_74_SP100,0.002338504032258068,0.5893030161290331,0.3316843105563036,1.776698497256772,0.692737508653892,-0.14382007572794914,0.5685483870967742,0.8127717391304348
stock_62_SP100,0.0015500725806451632,0.39061829032258116,0.19509888065368014,2.0021554660580927,0.4409679840032281,-0.1156799956145503,0.5725806451612904,0.8078804347826087
stock_35_SP100,0.001337858870967741,0.33714043548387074,0.15902607445896072,2.1200324326113913,0.3760282691525698,-0.08793708544231905,0.5604838709677419,0.8051630434782608
stock_23_SP100,0.0013383870967741917,0.3372735483870963,0.14440513266735894,2.335606374629459,0.37919276145528813,-0.09377407742026307,0.5403225806451613,0.8027173913043478
stock_99_SP100,0.0021267580645161284,0.5359430322580644,0.26039029092546956,2.058229707233843,0.6384886036182778,-0.17276220280507903,0.5403225806451613,0.802445652173913
stock_85_SP100,0.0014234959677419318,0.35872098387096685,0.16981458438216246,2.112427417092023,0.40316854984434847,-0.09345907327813174,0.5403225806451613,0.8008152173913042
stock_20_SP100,0.002064560483870966,0.5202692419354834,0.25758012876178293,2.0198345440561623,0.6144494814391839,-0.1700930977303308,0.5362903225806451,0.7956521739130435
stock_69_SP100,0.0018539032258064506,0.4671836129032256,0.26128028620923893,1.788055347310416,0.5308454296020302,-0.12646948487572643,0.5806451612903226,0.7907608695652173
stock_87_SP100,0.0014540322580645136,0.36641612903225745,0.19678530228326624,1.8620096357847549,0.4069507824965042,-0.10809325556525556,0.5604838709677419,0.7793478260869566
stock_72_SP100,0.0022733629032258085,0.5728874516129038,0.3343494915826739,1.713438979377802,0.662635796000375,-0.20868969530881235,0.6129032258064516,0.7779891304347827
stock_53_SP100,0.0009796008064516172,0.24685940322580754,0.1193669348909098,2.068071894879549,0.26599231552744995,-0.05478726308788973,0.5685483870967742,0.7717391304347826
stock_79_SP100,0.001181645161290323,0.2977745806451614,0.16068070087142003,1.8532068819107694,0.32344159815479534,-0.07986747403136253,0.5806451612903226,0.7703804347826088
stock_39_SP100,0.0023834556451612938,0.600630822580646,0.3488746468483471,1.7216235917588336,0.6952221379943067,-0.24233829185590178,0.5967741935483871,0.7703804347826088
stock_45_SP100,0.0016221209677419366,0.40877448387096804,0.2034828550991696,2.008889071621033,0.46482304965514176,-0.17737775232343025,0.5483870967741935,0.7703804347826086
stock_57_SP100,0.0017658790322580625,0.4450015161290317,0.22158977206425345,2.0082222748078666,0.5122462778436039,-0.18275623257419857,0.5403225806451613,0.7684782608695652
stock_58_SP100,0.0012173104838709744,0.30676224193548557,0.163288939465658,1.878646789790695,0.3345211116575735,-0.12082502672208777,0.6048387096774194,0.7649456521739131
stock_17_SP100,0.0018602540322580675,0.46878401612903303,0.25611404805437266,1.8303721318305461,0.5344906586487579,-0.1974854870998322,0.5806451612903226,0.7641304347826088
stock_60_HSI,0.0031545080645161297,0.7949360322580646,0.4235804125388218,1.8767063082389523,1.0023119387572739,-0.2785705590190608,0.532258064516129,0.7633152173913043
stock_38_SP100,0.0011805362903225796,0.29749514516129005,0.15668472338698836,1.8986863475293667,0.32395194526961246,-0.06901480990376806,0.5443548387096774,0.7625
stock_54_SP100,0.0011804072580645123,0.2974626290322571,0.15313133100251258,1.9425327729135742,0.32454151909351947,-0.11638466067738772,0.5524193548387096,0.751358695652174
stock_78_SP100,0.004560173387096773,1.1491636935483867,0.6237411661951605,1.8423726953254007,1.5823352618862065,-0.25117083248326166,0.5080645161290323,0.7445652173913044
stock_55_SP100,0.0019390443548387073,0.48863917741935425,0.29568111007195025,1.6525884162855384,0.5495052963972209,-0.18761357140494403,0.5645161290322581,0.7415760869565218
stock_17_HSI,0.001746165322580646,0.4400336612903228,0.24854682100236186,1.7704256265105933,0.4959038354317986,-0.11683988761804204,0.5080645161290323,0.7410326086956521
stock_96_SP100,0.001959657258064519,0.4938336290322588,0.2760465312039378,1.7889506775487214,0.5660932700672492,-0.15177640260389494,0.4959677419354839,0.7385869565217391
stock_81_HSI,0.0028681532258064513,0.7227746129032258,0.4187961159985857,1.7258388635716637,0.8692952680030677,-0.2949993566583187,0.5282258064516129,0.7315217391304347
stock_33_SP100,0.001441012096774198,0.3631350483870979,0.2269839729475188,1.5998268233284416,0.3939200213832801,-0.10720932920427047,0.5362903225806451,0.726086956521739
stock_59_HSI,0.003159375,0.7961625,0.4501791333043659,1.7685459878072913,0.9822119969869398,-0.3213761740788385,0.5201612903225806,0.7222826086956522
stock_34_HSI,0.0025420483870967764,0.6405961935483877,0.41109338502162895,1.5582741461886667,0.728722158172856,-0.2979314487360576,0.5120967741935484,0.6980978260869565
stock_80_SP100,0.0018568669354838696,0.46793046774193514,0.3491275204626448,1.3402852548600557,0.4922557096969429,-0.15754068517646144,0.5524193548387096,0.6964673913043478
stock_15_HSI,0.0013865846774193567,0.3494193387096779,0.2149056464135756,1.6259197677721187,0.37867824022506347,-0.13958219633532096,0.5201612903225806,0.6902173913043479
stock_42_HSI,0.0023568830645161265,0.5939345322580639,0.3898305573782482,1.5235710003148264,0.6661912259549345,-0.23380004962061776,0.4879032258064516,0.6842391304347827
stock_11_SP100,0.001706225806451615,0.42996890322580694,0.27681148406266926,1.553291420266593,0.4700455764668534,-0.19489839844690166,0.5241935483870968,0.6842391304347826
stock_61_SP100,0.001066911290322579,0.2688616451612899,0.1818399447872872,1.4785620699335285,0.2818232999941557,-0.12771069112829722,0.5685483870967742,0.6820652173913043
stock_5_HSI,0.0013639395161290297,0.3437127580645155,0.2430945096106608,1.4139058862950236,0.3624122750765013,-0.10000078768423834,0.5241935483870968,0.6771739130434782
stock_2_SP100,0.00132746370967742,0.33452085483870986,0.2276542006349624,1.469425356113263,0.3549377063590087,-0.16712938930368204,0.5564516129032258,0.6769021739130435
stock_7_SP100,0.001178870967741939,0.2970754838709686,0.2048735818559232,1.4500429053848736,0.3120125003435319,-0.128880844405018,0.5604838709677419,0.675
stock_64_SP100,0.0018618669354838716,0.4691904677419356,0.3462227770937374,1.3551692689903692,0.4995615289524884,-0.17690965301623543,0.5362903225806451,0.6744565217391304
stock_3_SP100,0.0011025887096774265,0.27785235483871146,0.191343650484614,1.452111706529053,0.29082138215174824,-0.14997443979161137,0.5685483870967742,0.6733695652173912
stock_89_SP100,0.00118622177419355,0.29892788709677465,0.21036483092333103,1.4209974442245104,0.31304406507066407,-0.11272078602764632,0.5403225806451613,0.6730978260869565
stock_98_SP100,0.0010893870967741957,0.2745255483870973,0.20812523799110896,1.319040165608483,0.28249842325117447,-0.09897388550381295,0.5766129032258065,0.6725543478260869
stock_81_SP100,0.002077205645161295,0.5234558225806464,0.3730685859141561,1.4031088179080689,0.5624819552079852,-0.31251993703052616,0.5725806451612904,0.6706521739130435
stock_97_SP100,0.0009143991935483891,0.23042859677419406,0.16076368079882827,1.433337403256778,0.23852874210804265,-0.12614727755635444,0.6048387096774194,0.6679347826086958
stock_12_HSI,0.001435274193548389,0.36168909677419403,0.23269965194642991,1.554317308809121,0.38971646592467146,-0.16918922579401943,0.49193548387096775,0.6567934782608696
stock_37_HSI,0.0015476854838709663,0.3900167419354835,0.2752946030852731,1.4167249832161621,0.41441225044081076,-0.16184322992077907,0.5,0.6540760869565218
stock_84_SP100,0.001597866935483872,0.40266246774193576,0.2739920559406436,1.4696136585404023,0.43206536561453834,-0.21749454319806122,0.5040322580645161,0.6467391304347826
stock_46_SP100,0.0008640846774193569,0.21774933870967794,0.15930631806979606,1.3668594023639198,0.22352399412425195,-0.10662323222347435,0.5524193548387096,0.6423913043478261
stock_10_SP100,0.001439834677419351,0.3628383387096764,0.24919605931287986,1.456035619945788,0.386386230236073,-0.21849960190550893,0.5241935483870968,0.6377717391304346
stock_92_SP100,0.001352641129032257,0.34086556451612876,0.2653452226513293,1.28461165085318,0.35088258436963016,-0.12307624135447966,0.532258064516129,0.6372282608695652
stock_74_HSI,0.002438379032258059,0.614471516129031,0.4901947526721658,1.2535252831235006,0.6287219844751024,-0.28337417568658396,0.5040322580645161,0.6328804347826087
stock_43_HSI,0.0018258790322580648,0.46012151612903235,0.33447469197845,1.3756542039320503,0.48763464133962997,-0.20352358789533423,0.4838709677419355,0.6293478260869565
stock_68_SP100,0.0010237540322580666,0.25798601612903277,0.19456169885507382,1.3259856263960914,0.2651257056515999,-0.15486694318374006,0.5443548387096774,0.6190217391304348
stock_73_HSI,0.0028239919354838727,0.7116459677419359,0.5679880314826308,1.252924231315776,0.7200107512715375,-0.4662969456934449,0.5120967741935484,0.6163043478260869
stock_4_SP100,0.0009915120967741934,0.24986104838709675,0.1764694207759963,1.4158886411502478,0.2592512736289936,-0.17270303074338575,0.5403225806451613,0.6152173913043478
stock_78_HSI,0.0025839516129032305,0.6511558064516141,0.5206424007464112,1.2506776350103146,0.6634679950891558,-0.2913022120399652,0.4637096774193548,0.6089673913043477
stock_54_HSI,0.0015299354838709646,0.3855437419354831,0.31406246119516906,1.2276021160513453,0.39130118314531237,-0.2630294000906969,0.5443548387096774,0.5986413043478261
stock_28_SP100,0.0017038588709677395,0.42937243548387033,0.34642032575638937,1.239455088399792,0.43443441279276507,-0.312012619699572,0.5443548387096774,0.5983695652173914
stock_48_HSI,0.0016307782258064521,0.4109561129032259,0.351378638314727,1.169553490429136,0.40983002200397567,-0.2272322704475489,0.532258064516129,0.5980978260869565
stock_59_SP100,0.0008917701612903261,0.22472608064516217,0.16706680217199982,1.345127085235046,0.23046519349115924,-0.1820423815525393,0.5443548387096774,0.592391304347826
stock_88_SP100,0.0017041854838709672,0.4294547419354837,0.34341209752089386,1.25055216468999,0.44312542001359834,-0.24941141945355494,0.4959677419354839,0.5899456521739129
stock_10_HSI,0.002211169354838709,0.5572146774193547,0.4543956475017478,1.2262764409890423,0.560292451774701,-0.2692999019770509,0.4596774193548387,0.5855978260869564
stock_65_SP100,0.0006960120967741925,0.1753950483870965,0.19456035136902242,0.901494303196569,0.1661944400981601,-0.09431662235732997,0.5524193548387096,0.5703804347826087
stock_72_HSI,0.0017940443548387116,0.45209917741935535,0.3735365677043906,1.2103210676207146,0.4567532221890378,-0.29908351014202,0.5,0.569836956521739
stock_8_SP100,0.0021943024193548425,0.5529642096774203,0.4866265259462615,1.1363215529654143,0.5340675022679109,-0.3912873383442841,0.5,0.5633152173913043
stock_77_SP100,0.0005827983870967744,0.14686519354838715,0.15077564284047407,0.9740644495462419,0.14262787835825796,-0.06259795282523406,0.5282258064516129,0.5622282608695652
stock_2_HSI,0.0007202419354838683,0.1815009677419348,0.1877400085250762,0.9667676547361611,0.17491949762671455,-0.11797797260483299,0.5483870967741935,0.5595108695652173
stock_36_HSI,0.0016679274193548313,0.4203177096774175,0.3881352107378787,1.0829156903295556,0.40455283012097776,-0.20206752172762213,0.4717741935483871,0.5573369565217392
stock_16_HSI,0.0014627822580645137,0.36862112903225747,0.32396288632276826,1.1378498729172195,0.36491836999941474,-0.2664012309223348,0.5080645161290323,0.5527173913043478
stock_7_HSI,0.0010720806451612907,0.27016432258064527,0.24238604623986873,1.114603446740027,0.26737446373991736,-0.14906714264585033,0.4838709677419355,0.5494565217391304
stock_94_SP100,0.0007553911290322597,0.19035856451612945,0.17435397560752894,1.091793656283622,0.18818887297683262,-0.13829698581786184,0.5120967741935484,0.5434782608695652
stock_49_SP100,0.000917354838709687,0.23117341935484112,0.26490561418915914,0.8726633448763712,0.21246756790064625,-0.16008472320314754,0.5604838709677419,0.5418478260869566
stock_44_HSI,0.0012869999999999978,0.32432399999999945,0.3479549329388823,0.9320862252496545,0.2960165648373896,-0.2092738821287047,0.5403225806451613,0.5396739130434783
stock_5_SP100,0.00107722580645161,0.2714609032258057,0.22884981075297792,1.186196756434387,0.27278697461374146,-0.2717654274523992,0.532258064516129,0.5383152173913043
stock_9_HSI,0.0009893548387096757,0.24931741935483828,0.23152518361616373,1.0768479500189991,0.24514989476640947,-0.1724780685314462,0.5080645161290323,0.533695652173913
stock_36_SP100,0.0009198024193548372,0.23179020967741895,0.25419190338275,0.9118709392108385,0.2170979819562513,-0.173972284553177,0.5403225806451613,0.523641304347826
stock_13_HSI,0.0007714516129032229,0.19440580645161218,0.1944833970799246,0.9996010424052778,0.1886153522188152,-0.11358472031240512,0.45564516129032256,0.5157608695652174
stock_51_SP100,0.00040039516129031856,0.10089958064516028,0.1527748699812434,0.6604461889415976,0.09185170550535426,-0.11281818111903898,0.5685483870967742,0.5141304347826087
stock_76_HSI,0.0015083629032258087,0.38010745161290377,0.3749483047559028,1.0137596217706857,0.35730425098828333,-0.28818961499615403,0.4717741935483871,0.5032608695652173
stock_42_SP100,0.0008139596774193548,0.20511783870967742,0.277692903732104,0.738649911297549,0.1779232247085587,-0.223814387171843,0.6008064516129032,0.49375
stock_1_HSI,0.0009447338709677428,0.23807293548387118,0.25415449748864855,0.9367252511221226,0.2243919063550861,-0.17245525437654086,0.4637096774193548,0.48722826086956517
stock_43_SP100,0.0008134959677419409,0.2050009838709691,0.2793636569593409,0.7338140762554712,0.1772971099975511,-0.2224078627555124,0.5887096774193549,0.4861413043478261
stock_49_HSI,0.0005936209677419336,0.14959248387096727,0.19068602346432634,0.7844963209847057,0.13812702311448954,-0.10280825237279397,0.46774193548387094,0.4853260869565217
stock_11_HSI,0.0013865524193548372,0.34941120967741895,0.4181639366333272,0.8355842746520846,0.29412019374242915,-0.26649699058020365,0.49193548387096775,0.47907608695652176
stock_52_HSI,0.0015800524193548384,0.39817320967741926,0.4798986940407921,0.8297026322884178,0.3221093210687045,-0.2853260273642022,0.4717741935483871,0.4736413043478261
stock_101_SP100,0.0004871008064516113,0.12274940322580605,0.19659896899207951,0.6243644300634726,0.10720302907656576,-0.11325794527391986,0.5,0.4633152173913044
stock_9_SP100,0.0007350725806451629,0.18523829032258107,0.24710705819563367,0.7496276782831863,0.16491916637996473,-0.19044394291698655,0.5201612903225806,0.46249999999999997
stock_37_SP100,0.0007230766129032228,0.18221530645161213,0.32437969925460325,0.5617346180119388,0.13538065188420378,-0.1878066465199627,0.5685483870967742,0.461141304347826
stock_51_HSI,0.0019631774193548395,0.49472070967741955,0.6221709252598059,0.7951524084331557,0.35848303764717526,-0.4277557019357642,0.4637096774193548,0.4603260869565217
stock_57_HSI,0.0015379112903225812,0.3875536451612905,0.4433983208985216,0.874053028383001,0.33082484041522386,-0.3969086479079878,0.47580645161290325,0.45842391304347835
stock_75_SP100,0.00035803225806451696,0.09022412903225828,0.15928904989844872,0.5664176482299236,0.07935324601650118,-0.11583284263888283,0.5201612903225806,0.4565217391304348
stock_60_SP100,0.0004082137096774176,0.10286985483870924,0.16439935532973587,0.6257314977445204,0.0919838728332949,-0.16287510804089825,0.5080645161290323,0.4445652173913044
stock_19_HSI,0.0010649395161290342,0.26836475806451665,0.31612586932596753,0.8489174221543924,0.2402933718665261,-0.23853267795820363,0.45161290322580644,0.44429347826086957
stock_14_HSI,0.0005890524193548397,0.14844120967741958,0.23255937297712884,0.638293816229106,0.12707355952005694,-0.12098105499195846,0.4717741935483871,0.44320652173913044
stock_32_SP100,0.0004631330645161357,0.1167095322580662,0.22535678039772522,0.5178878223769844,0.09411389523168157,-0.16709472571848363,0.5282258064516129,0.4364130434782608
stock_82_HSI,0.0011510927419354808,0.29007537096774116,0.3894558524630573,0.7448222157484639,0.23509924521073988,-0.22863961362193247,0.4637096774193548,0.4358695652173913
stock_29_SP100,0.00035988709677419356,0.09069154838709678,0.20513722566476975,0.44210185690676496,0.07074444748089492,-0.1604452483702401,0.5443548387096774,0.4347826086956521
stock_58_HSI,0.001070225806451615,0.26969690322580697,0.3541431635806179,0.7615476760838631,0.22632584270070688,-0.31647976707776015,0.5080645161290323,0.4334239130434782
stock_34_SP100,0.0007990483870967755,0.20136019354838744,0.26428527463405044,0.7619047025121098,0.1782940270672586,-0.3030433420318609,0.5161290322580645,0.42853260869565213
stock_40_SP100,0.0005348991935483901,0.1347945967741943,0.24053951162446924,0.5603844285866677,0.10966822403994092,-0.27654803268319766,0.5403225806451613,0.4081521739130435
stock_93_SP100,0.00044050403225805927,0.11100701612903094,0.23704653701806097,0.4682920810632772,0.0849714551921743,-0.2057436142881755,0.5362903225806451,0.4065217391304348
stock_40_HSI,0.0009198830645161298,0.2318105322580647,0.35815073144399434,0.6472429396512736,0.17943364109498483,-0.3229158380565779,0.5120967741935484,0.40244565217391304
stock_39_HSI,0.001040967741935481,0.26232387096774124,0.47300090947780404,0.5545948553404441,0.15735163939653884,-0.3560983574037563,0.5443548387096774,0.40054347826086956
stock_8_HSI,0.0011938064516129046,0.30083922580645195,0.45491028179776644,0.6613155117478574,0.21464139332907806,-0.2946735953632293,0.4475806451612903,0.39918478260869567
stock_41_HSI,0.000655012096774195,0.16506304838709712,0.3068158544012665,0.5379873498037061,0.12315372794445323,-0.2154692337734601,0.4717741935483871,0.37717391304347825
stock_66_SP100,0.00029996774193548527,0.07559187096774228,0.20473959484926302,0.3692098298006102,0.05502806531491,-0.18381376488869844,0.5201612903225806,0.3736413043478261
stock_31_HSI,0.00035276209677419414,0.08889604838709692,0.23505557603644583,0.37819161700428416,0.062338764823694826,-0.16431948859276277,0.47580645161290325,0.36168478260869563
stock_3_HSI,0.0003979717741935503,0.10028888709677468,0.2838481355235065,0.35331881575269103,0.06110540836954592,-0.22959860731141585,0.5161290322580645,0.3456521739130435
stock_73_SP100,0.0015940120967741916,0.4016910483870963,1.0512589490748179,0.38210475995530196,-0.6839430475352,-0.9192175159820847,0.5806451612903226,0.3429347826086957
stock_20_HSI,0.0003782419354838683,0.09531696774193481,0.2509960641621022,0.3797548302605085,0.06508274208279752,-0.22569070382259,0.4838709677419355,0.3418478260869565
stock_31_SP100,-7.419758064516039e-05,-0.01869779032258042,0.20120899389928035,-0.09292720946629263,-0.03766218967799695,-0.17104729547725378,0.5483870967741935,0.3323369565217391
stock_28_HSI,0.0009209637096774208,0.23208285483871005,0.5323094756850606,0.43599234174824497,0.09321529356624891,-0.35800286180280466,0.4838709677419355,0.33016304347826086
stock_25_HSI,0.0015581653225806434,0.39265766129032215,0.797352467367863,0.4924518043902501,0.0876468778302335,-0.5083355383337196,0.4274193548387097,0.3298913043478261
stock_45_HSI,0.0005684717741935454,0.14325488709677345,0.33317468678117435,0.42996930073160616,0.09041523210017899,-0.3442645159851414,0.47580645161290325,0.31548913043478255
stock_4_HSI,0.0006296693548387085,0.15867667741935454,0.407394685540136,0.389491279713127,0.07861684976573091,-0.27254110909897805,0.4435483870967742,0.30869565217391304
stock_24_HSI,0.00029495564516129083,0.07432882258064528,0.2811427081168774,0.264381114767327,0.03511332611859874,-0.3181305883187771,0.4959677419354839,0.28940217391304346
stock_91_SP100,0.000664790322580643,0.16752716129032205,0.5459545549861332,0.3068518428142377,0.01930896688175232,-0.45666365802193076,0.5201612903225806,0.2891304347826087
stock_55_HSI,0.0006853629032258022,0.17271145161290216,0.4321271177279432,0.39967742020216634,0.08159174013426629,-0.37926504096835195,0.4435483870967742,0.2842391304347826
stock_76_SP100,-4.3201612903222676e-05,-0.010886806451612115,0.24670957840868246,-0.04412802503183628,-0.03976234857077521,-0.19193694395794184,0.49193548387096775,0.2839673913043478
stock_56_HSI,0.0002789153225806451,0.07028666129032257,0.3553311746386811,0.19780606461505565,0.007055084858612393,-0.28938252482912324,0.4838709677419355,0.2758152173913043
stock_53_HSI,8.564516129032452e-05,0.02158258064516178,0.3060207372909979,0.07052652979081842,-0.024436433003972247,-0.2585578678510184,0.4637096774193548,0.26059782608695653
stock_83_SP100,0.0003728467741935481,0.09395738709677412,0.38408239437113645,0.24462820601452426,0.02345834006473524,-0.3237573410068647,0.45161290322580644,0.2597826086956522
stock_24_SP100,-4.047983870967705e-05,-0.010200919354838616,0.2282769112464531,-0.0446866014575844,-0.03520078507615865,-0.2103536776279694,0.4475806451612903,0.2584239130434783
stock_46_HSI,0.0004012580645161256,0.10111703225806365,0.5212911414519404,0.19397420024523085,-0.03380385215865156,-0.3624037947556241,0.49193548387096775,0.2570652173913044
stock_33_HSI,-4.59516129032261e-05,-0.011579806451612976,0.2662082433145263,-0.04349905287467518,-0.045223788907962414,-0.22988364612563988,0.47580645161290325,0.2548913043478261
stock_23_HSI,0.00047549999999999654,0.11982599999999913,0.5043678779564892,0.23757658890865424,-0.005452777438310852,-0.35230208916706274,0.45161290322580644,0.2508152173913043
stock_95_SP100,-0.00023210887096774117,-0.05849143548387078,0.2685480136351138,-0.21780624884213542,-0.08967358532591807,-0.24315673476756872,0.5201612903225806,0.25
stock_18_HSI,0.00030841532258064414,0.07772066129032232,0.4561416977394714,0.17038710048979788,-0.024431913349747703,-0.42938109802466384,0.49193548387096775,0.23967391304347826
stock_19_SP100,-7.002419354838483e-05,-0.017646096774192977,0.27052782969465694,-0.0652283973671397,-0.05167596016972997,-0.2994160260387197,0.4959677419354839,0.23695652173913045
stock_65_HSI,0.00020118951612902922,0.05069975806451536,0.42501421956599633,0.11928955722066774,-0.037220398839589164,-0.3102153840063076,0.4637096774193548,0.23369565217391305
stock_30_SP100,-0.00033704435483871537,-0.08493517741935627,0.31333561170228696,-0.2710677441287991,-0.1251215797953792,-0.3413148424846754,0.5362903225806451,0.21793478260869567
stock_6_SP100,-0.00011051209677419294,-0.02784904838709662,0.34545709925387597,-0.08061507043058447,-0.08277988091392319,-0.30836821363028794,0.4838709677419355,0.21358695652173912
stock_26_SP100,-0.00041863306451613057,-0.1054955322580649,0.2160671674829824,-0.488253414375758,-0.11904805892149717,-0.2337476488922274,0.4717741935483871,0.20217391304347826
stock_35_HSI,0.0003592620967741935,0.09053404838709676,0.6587806454387712,0.13742669735963156,-0.11085567819689013,-0.47590288169826067,0.4475806451612903,0.197554347826087
stock_6_HSI,-2.8669354838759613e-06,-0.0007224677419367423,0.3413063926969601,-0.0021167717845185763,-0.056300301836962996,-0.3766904106716374,0.43951612903225806,0.19565217391304346
stock_29_HSI,-0.0002768145161290318,-0.069757258064516,0.3933435132234767,-0.17734437131770792,-0.13464915460075655,-0.3459648001106034,0.5040322580645161,0.1945652173913044
stock_62_HSI,7.678225806451032e-05,0.019349129032256603,0.4168482778029572,0.04641767775613283,-0.06321530549307597,-0.4522474753295715,0.43548387096774194,0.18206521739130438
stock_64_HSI,0.0003579919354838657,0.09021396774193416,0.6774047649976624,0.13317586825986596,-0.12579034996034832,-0.6141178991181996,0.4475806451612903,0.17853260869565218
stock_80_HSI,-0.00036000403225807054,-0.09072101612903377,0.419832431585768,-0.21608863275847304,-0.16135802058093385,-0.341242066177005,0.4798387096774194,0.17228260869565218
stock_27_HSI,-0.0006057459677419375,-0.15264798387096823,0.27267355896157813,-0.559819530915638,-0.17073475758822398,-0.28236699296554774,0.4838709677419355,0.1673913043478261
stock_75_HSI,1.0124999999996136e-05,0.0025514999999990263,0.5744741037976413,0.004441453466974367,-0.1483105060639187,-0.5094066594451919,0.45161290322580644,0.16548913043478258
stock_26_HSI,-1.067741935483954e-05,-0.002690709677419564,0.5356780324263193,-0.005022997984875667,-0.13125194432702492,-0.41795934242223975,0.4274193548387097,0.1630434782608696
stock_14_SP100,-0.0004312701612903249,-0.10868008064516187,0.3348112687595309,-0.3246010238777787,-0.15003008104017623,-0.4451873090523373,0.5,0.16277173913043477
stock_30_HSI,0.00020224999999999968,0.05096699999999992,0.7003566389168732,0.07277292334777069,-0.16860305605373016,-0.5255797895627515,0.4153225806451613,0.15869565217391304
stock_83_HSI,-0.0004688266129032261,-0.11814430645161297,0.47991189577810295,-0.24617915807246296,-0.20981826367910872,-0.3471617595851814,0.4838709677419355,0.15516304347826088
stock_71_SP100,-0.0007049596774193527,-0.17764983870967688,0.3473405666605535,-0.511457214507539,-0.21163812036798302,-0.4203371314766875,0.532258064516129,0.15461956521739129
stock_50_HSI,0.00016327419354838742,0.04114509677419363,0.6814198821037148,0.06038141512274099,-0.1650049403501056,-0.5823337382515648,0.43548387096774194,0.15326086956521737
stock_12_SP100,-0.0003627983870967746,-0.0914251935483872,1.0187832191959614,-0.08973959506374801,-0.795836626889674,-0.9254892426712674,0.5403225806451613,0.14864130434782608
stock_100_SP100,-0.0010472419354838702,-0.2639049677419353,0.6932543175615339,-0.3806755487224367,-0.5019347606083406,-0.6667236839331322,0.5645161290322581,0.13152173913043477
stock_77_HSI,-0.00028236290322580836,-0.07115545161290371,0.5461858367884628,-0.1302769988165441,-0.19355423760692847,-0.42157293618094344,0.4314516129032258,0.1296195652173913
stock_67_HSI,-0.0005414959677419371,-0.13645698387096813,0.43010299911381733,-0.31726582737652054,-0.2012920233364457,-0.35904687452636846,0.4435483870967742,0.12744565217391302
stock_22_SP100,-0.0008239112903225785,-0.20762564516128978,0.3925464876255121,-0.5289198902713502,-0.2448405052128273,-0.3991237595592457,0.4838709677419355,0.11766304347826086
stock_32_HSI,-0.000646350806451611,-0.16288040322580596,0.3938677067964225,-0.41354089308467623,-0.21058531617901,-0.39347557742468564,0.4435483870967742,0.10978260869565216
stock_71_HSI,-0.0005888548387096781,-0.14839141935483888,0.5409225757939926,-0.2743302387352251,-0.252174784257312,-0.5461125609422629,0.4637096774193548,0.10625
stock_48_SP100,-0.0011442580645161288,-0.28835303225806447,0.5071478356586038,-0.5685778622787514,-0.341711996933622,-0.6278534785705594,0.5201612903225806,0.09592391304347826
stock_38_HSI,-0.0007459959677419374,-0.18799098387096824,0.5129122555926873,-0.366516849268377,-0.2691798161907877,-0.49427770716208824,0.4435483870967742,0.08967391304347827
stock_63_HSI,-0.0010717903225806417,-0.2700911612903217,0.4538586114981693,-0.5950997831654256,-0.30783842727455113,-0.542902604861379,0.49193548387096775,0.08940217391304348
stock_70_HSI,-0.0010515161290322564,-0.2649820645161286,0.7819195139320023,-0.33888662425576976,-0.4332611226396741,-0.7299406949013658,0.47580645161290325,0.07853260869565216
stock_47_HSI,-0.0009361249999999947,-0.23590349999999866,0.6505655817597072,-0.36261294266737265,-0.3550843557933554,-0.5899003259285597,0.4274193548387097,0.06657608695652173
stock_61_HSI,-0.0018440725806451613,-0.46470629032258065,0.4106569554496812,-1.1316167525123588,-0.4176048630758922,-0.524875373692119,0.4798387096774194,0.06494565217391304
stock_79_HSI,-0.0012148911290322565,-0.30615256451612866,0.38691747094116996,-0.7912606369813643,-0.3127208930844865,-0.4921798358162311,0.4435483870967742,0.0641304347826087
stock_68_HSI,-0.000940612903225811,-0.23703445161290437,0.5429669703768135,-0.43655408992632627,-0.31522588892853975,-0.5506541088862257,0.42338709677419356,0.06304347826086956
stock_22_HSI,-0.0013898709677419385,-0.3502474838709685,0.44652951581076955,-0.7843770041382807,-0.3582693305971302,-0.5332760255347774,0.4637096774193548,0.06086956521739131
stock_69_HSI,-0.0018089354838709733,-0.4558517419354853,0.6113993105102064,-0.7455875956992521,-0.47066434714221383,-0.5721844270389779,0.43548387096774194,0.03641304347826087
stock_21_HSI,-0.0017012499999999973,-0.4287149999999993,0.5377918251445889,-0.7971764908935468,-0.43115563821341163,-0.6030349049829122,0.43951612903225806,0.03233695652173913
stock_66_HSI,-0.002535133064516127,-0.638853532258064,0.8216765990647988,-0.7774999713819072,-0.622102599839054,-0.7988238018528898,0.4153225806451613,0.017119565217391303
