Stock,Daily mean,Annualized rate of return,Annualized volatility,Sharpe ratio,Cumulative return,Max drawdown,Win rate,Composite score,Cluster_Index
stock_16_SP100,0.0025120846774193,0.6330453387096768,0.1748120450143198,3.6212913055151352,0.8355217429728847,-0.0652886866445037,0.6169354838709677,0.9733695652173912,4
stock_13_SP100,0.0027289677419354,0.6876998709677417,0.2279163035962624,3.017335136261043,0.9165704624934996,-0.1071763317352992,0.592741935483871,0.9519021739130434,4
stock_44_SP100,0.0024013346774193,0.605136338709678,0.2299763901316642,2.631297666526682,0.7664813442175282,-0.0982461336304569,0.5725806451612904,0.9279891304347824,4
stock_90_SP100,0.0018887943548387,0.4759761774193545,0.1366860161260438,3.4822594944931105,0.582261715174714,-0.0540600836977497,0.592741935483871,0.9277173913043478,4
stock_50_SP100,0.0026966733870967,0.6795616935483871,0.279257715168513,2.433457185375587,0.8787634014550953,-0.085498289067137,0.5604838709677419,0.921195652173913,4
stock_18_SP100,0.0020827741935483,0.5248590967741928,0.195515074588156,2.684494266643048,0.6444154620472049,-0.1125340366557482,0.592741935483871,0.9105978260869564,4
stock_52_SP100,0.0019668306451612,0.4956413225806461,0.1988531837544818,2.492498803502184,0.5964373783345531,-0.101304476568821,0.6169354838709677,0.9,4
stock_27_SP100,0.002004439516129,0.5051187580645169,0.1971498807167712,2.562105319202189,0.611980703126006,-0.1027384981120645,0.5725806451612904,0.8942934782608697,4
stock_82_SP100,0.0019712903225806,0.4967651612903221,0.1725063370849404,2.879692246005547,0.6065366470584332,-0.0819806289695308,0.5403225806451613,0.8932065217391304,4
stock_86_SP100,0.0021710161290322,0.5470960645161291,0.2280292187873301,2.39923667425434,0.6695195901190154,-0.1042235674922272,0.5524193548387096,0.8858695652173912,4
stock_47_SP100,0.0021982298387096,0.5539539193548391,0.2160654027451959,2.563825176620768,0.6851663165680337,-0.1686211916623349,0.5887096774193549,0.8801630434782609,4
stock_67_SP100,0.0022405604838709,0.5646212419354842,0.2448695613450337,2.305804113970311,0.691726638785972,-0.1392122981891401,0.5887096774193549,0.877445652173913,4
stock_25_SP100,0.002480004032258,0.6249610161290314,0.272832528629369,2.290639680204751,0.78285043916658,-0.1368148514668869,0.5443548387096774,0.8630434782608697,4
stock_1_SP100,0.0014134193548387,0.3561816774193539,0.1347900019764669,2.6424933021481807,0.4068831948930658,-0.0986017475605635,0.6048387096774194,0.8597826086956522,4
stock_70_SP100,0.0026488669354838,0.6675144677419361,0.297893757500616,2.2407803149099417,0.8463474798752859,-0.1344577463924254,0.5161290322580645,0.8432065217391304,4
stock_41_SP100,0.0023843548387096,0.6008574193548379,0.3114132692568304,1.929453490497528,0.7219724482305796,-0.1993985612095671,0.5887096774193549,0.821195652173913,4
stock_15_SP100,0.0021595282258064,0.5442011129032259,0.2368166665696116,2.2979848537951595,0.6615665907913277,-0.1694990458771569,0.532258064516129,0.8182065217391303,4
stock_21_SP100,0.0019781209677419,0.4984864838709685,0.2622716296073532,1.90064966087736,0.5782708328844526,-0.1647808431562498,0.592741935483871,0.8149456521739131,4
stock_56_SP100,0.0013637177419354,0.3436568709677424,0.1460074787277179,2.3536936187262776,0.3876356305382458,-0.0971327861079612,0.5483870967741935,0.814945652173913,0
stock_63_SP100,0.0027258104838709,0.6869042419354829,0.3642577114957582,1.885764447140557,0.8444104806505697,-0.1842644090246488,0.5524193548387096,0.8133152173913044,4
stock_74_SP100,0.002338504032258,0.5893030161290331,0.3316843105563036,1.776698497256772,0.692737508653892,-0.1438200757279491,0.5685483870967742,0.8127717391304348,4
stock_62_SP100,0.0015500725806451,0.3906182903225811,0.1950988806536801,2.0021554660580927,0.4409679840032281,-0.1156799956145503,0.5725806451612904,0.8078804347826087,0
stock_35_SP100,0.0013378588709677,0.3371404354838707,0.1590260744589607,2.1200324326113917,0.3760282691525698,-0.087937085442319,0.5604838709677419,0.8051630434782608,0
stock_23_SP100,0.0013383870967741,0.3372735483870963,0.1444051326673589,2.335606374629459,0.3791927614552881,-0.093774077420263,0.5403225806451613,0.8027173913043478,0
stock_99_SP100,0.0021267580645161,0.5359430322580644,0.2603902909254695,2.058229707233843,0.6384886036182778,-0.172762202805079,0.5403225806451613,0.802445652173913,4
stock_85_SP100,0.0014234959677419,0.3587209838709668,0.1698145843821624,2.112427417092023,0.4031685498443484,-0.0934590732781317,0.5403225806451613,0.8008152173913042,0
stock_20_SP100,0.0020645604838709,0.5202692419354834,0.2575801287617829,2.0198345440561623,0.6144494814391839,-0.1700930977303308,0.5362903225806451,0.7956521739130435,4
stock_69_SP100,0.0018539032258064,0.4671836129032256,0.2612802862092389,1.788055347310416,0.5308454296020302,-0.1264694848757264,0.5806451612903226,0.7907608695652173,4
stock_87_SP100,0.0014540322580645,0.3664161290322574,0.1967853022832662,1.8620096357847549,0.4069507824965042,-0.1080932555652555,0.5604838709677419,0.7793478260869566,0
stock_72_SP100,0.0022733629032258,0.5728874516129038,0.3343494915826739,1.713438979377802,0.662635796000375,-0.2086896953088123,0.6129032258064516,0.7779891304347827,4
stock_53_SP100,0.0009796008064516,0.2468594032258075,0.1193669348909098,2.068071894879549,0.2659923155274499,-0.0547872630878897,0.5685483870967742,0.7717391304347826,0
stock_79_SP100,0.0011816451612903,0.2977745806451614,0.16068070087142,1.8532068819107692,0.3234415981547953,-0.0798674740313625,0.5806451612903226,0.7703804347826088,0
stock_39_SP100,0.0023834556451612,0.600630822580646,0.3488746468483471,1.7216235917588336,0.6952221379943067,-0.2423382918559017,0.5967741935483871,0.7703804347826088,4
stock_45_SP100,0.0016221209677419,0.408774483870968,0.2034828550991696,2.008889071621033,0.4648230496551417,-0.1773777523234302,0.5483870967741935,0.7703804347826086,0
stock_57_SP100,0.001765879032258,0.4450015161290317,0.2215897720642534,2.008222274807866,0.5122462778436039,-0.1827562325741985,0.5403225806451613,0.7684782608695652,0
stock_58_SP100,0.0012173104838709,0.3067622419354855,0.163288939465658,1.878646789790695,0.3345211116575735,-0.1208250267220877,0.6048387096774194,0.7649456521739131,0
stock_17_SP100,0.001860254032258,0.468784016129033,0.2561140480543726,1.830372131830546,0.5344906586487579,-0.1974854870998322,0.5806451612903226,0.7641304347826088,4
stock_60_HSI,0.0031545080645161,0.7949360322580646,0.4235804125388218,1.8767063082389523,1.002311938757274,-0.2785705590190608,0.532258064516129,0.7633152173913043,6
stock_38_SP100,0.0011805362903225,0.29749514516129,0.1566847233869883,1.8986863475293667,0.3239519452696124,-0.069014809903768,0.5443548387096774,0.7625,0
stock_54_SP100,0.0011804072580645,0.2974626290322571,0.1531313310025125,1.9425327729135744,0.3245415190935194,-0.1163846606773877,0.5524193548387096,0.751358695652174,0
stock_78_SP100,0.0045601733870967,1.1491636935483869,0.6237411661951605,1.8423726953254007,1.5823352618862063,-0.2511708324832616,0.5080645161290323,0.7445652173913044,6
stock_55_SP100,0.0019390443548387,0.4886391774193542,0.2956811100719502,1.6525884162855384,0.5495052963972209,-0.187613571404944,0.5645161290322581,0.7415760869565218,4
stock_17_HSI,0.0017461653225806,0.4400336612903228,0.2485468210023618,1.770425626510593,0.4959038354317986,-0.116839887618042,0.5080645161290323,0.7410326086956521,0
stock_96_SP100,0.0019596572580645,0.4938336290322588,0.2760465312039378,1.7889506775487214,0.5660932700672492,-0.1517764026038949,0.4959677419354839,0.7385869565217391,0
stock_81_HSI,0.0028681532258064,0.7227746129032258,0.4187961159985857,1.7258388635716635,0.8692952680030677,-0.2949993566583187,0.5282258064516129,0.7315217391304347,6
stock_33_SP100,0.0014410120967741,0.3631350483870979,0.2269839729475188,1.5998268233284416,0.3939200213832801,-0.1072093292042704,0.5362903225806451,0.726086956521739,0
stock_59_HSI,0.003159375,0.7961625,0.4501791333043659,1.768545987807291,0.9822119969869398,-0.3213761740788385,0.5201612903225806,0.7222826086956522,6
stock_34_HSI,0.0025420483870967,0.6405961935483877,0.4110933850216289,1.5582741461886669,0.728722158172856,-0.2979314487360576,0.5120967741935484,0.6980978260869565,6
stock_80_SP100,0.0018568669354838,0.4679304677419351,0.3491275204626448,1.3402852548600557,0.4922557096969429,-0.1575406851764614,0.5524193548387096,0.6964673913043478,0
stock_15_HSI,0.0013865846774193,0.3494193387096779,0.2149056464135756,1.6259197677721189,0.3786782402250634,-0.1395821963353209,0.5201612903225806,0.6902173913043479,0
stock_42_HSI,0.0023568830645161,0.5939345322580639,0.3898305573782482,1.5235710003148264,0.6661912259549345,-0.2338000496206177,0.4879032258064516,0.6842391304347827,6
stock_11_SP100,0.0017062258064516,0.4299689032258069,0.2768114840626692,1.553291420266593,0.4700455764668534,-0.1948983984469016,0.5241935483870968,0.6842391304347826,0
stock_61_SP100,0.0010669112903225,0.2688616451612899,0.1818399447872872,1.4785620699335285,0.2818232999941557,-0.1277106911282972,0.5685483870967742,0.6820652173913043,0
stock_5_HSI,0.001363939516129,0.3437127580645155,0.2430945096106608,1.4139058862950236,0.3624122750765013,-0.1000007876842383,0.5241935483870968,0.6771739130434782,0
stock_2_SP100,0.0013274637096774,0.3345208548387098,0.2276542006349624,1.469425356113263,0.3549377063590087,-0.167129389303682,0.5564516129032258,0.6769021739130435,0
stock_7_SP100,0.0011788709677419,0.2970754838709686,0.2048735818559232,1.4500429053848736,0.3120125003435319,-0.128880844405018,0.5604838709677419,0.675,0
stock_64_SP100,0.0018618669354838,0.4691904677419356,0.3462227770937374,1.3551692689903692,0.4995615289524884,-0.1769096530162354,0.5362903225806451,0.6744565217391304,0
stock_3_SP100,0.0011025887096774,0.2778523548387114,0.191343650484614,1.452111706529053,0.2908213821517482,-0.1499744397916113,0.5685483870967742,0.6733695652173912,0
stock_89_SP100,0.0011862217741935,0.2989278870967746,0.210364830923331,1.4209974442245104,0.313044065070664,-0.1127207860276463,0.5403225806451613,0.6730978260869565,0
stock_98_SP100,0.0010893870967741,0.2745255483870973,0.2081252379911089,1.319040165608483,0.2824984232511744,-0.0989738855038129,0.5766129032258065,0.6725543478260869,0
stock_81_SP100,0.0020772056451612,0.5234558225806464,0.3730685859141561,1.4031088179080689,0.5624819552079852,-0.3125199370305261,0.5725806451612904,0.6706521739130435,0
stock_97_SP100,0.0009143991935483,0.230428596774194,0.1607636807988282,1.433337403256778,0.2385287421080426,-0.1261472775563544,0.6048387096774194,0.6679347826086958,0
stock_12_HSI,0.0014352741935483,0.361689096774194,0.2326996519464299,1.554317308809121,0.3897164659246714,-0.1691892257940194,0.4919354838709677,0.6567934782608696,0
stock_37_HSI,0.0015476854838709,0.3900167419354835,0.2752946030852731,1.416724983216162,0.4144122504408107,-0.161843229920779,0.5,0.6540760869565218,0
stock_84_SP100,0.0015978669354838,0.4026624677419357,0.2739920559406436,1.4696136585404025,0.4320653656145383,-0.2174945431980612,0.5040322580645161,0.6467391304347826,0
stock_46_SP100,0.0008640846774193,0.2177493387096779,0.159306318069796,1.3668594023639198,0.2235239941242519,-0.1066232322234743,0.5524193548387096,0.6423913043478261,0
stock_10_SP100,0.0014398346774193,0.3628383387096764,0.2491960593128798,1.456035619945788,0.386386230236073,-0.2184996019055089,0.5241935483870968,0.6377717391304346,0
stock_92_SP100,0.0013526411290322,0.3408655645161287,0.2653452226513293,1.28461165085318,0.3508825843696301,-0.1230762413544796,0.532258064516129,0.6372282608695652,0
stock_74_HSI,0.002438379032258,0.614471516129031,0.4901947526721658,1.2535252831235006,0.6287219844751024,-0.2833741756865839,0.5040322580645161,0.6328804347826087,6
stock_43_HSI,0.001825879032258,0.4601215161290323,0.33447469197845,1.3756542039320503,0.4876346413396299,-0.2035235878953342,0.4838709677419355,0.6293478260869565,0
stock_68_SP100,0.001023754032258,0.2579860161290327,0.1945616988550738,1.3259856263960914,0.2651257056515999,-0.15486694318374,0.5443548387096774,0.6190217391304348,0
stock_73_HSI,0.0028239919354838,0.7116459677419359,0.5679880314826308,1.252924231315776,0.7200107512715375,-0.4662969456934449,0.5120967741935484,0.6163043478260869,6
stock_4_SP100,0.0009915120967741,0.2498610483870967,0.1764694207759963,1.4158886411502478,0.2592512736289936,-0.1727030307433857,0.5403225806451613,0.6152173913043478,0
stock_78_HSI,0.0025839516129032,0.6511558064516141,0.5206424007464112,1.2506776350103146,0.6634679950891558,-0.2913022120399652,0.4637096774193548,0.6089673913043477,6
stock_54_HSI,0.0015299354838709,0.3855437419354831,0.314062461195169,1.2276021160513453,0.3913011831453123,-0.2630294000906969,0.5443548387096774,0.5986413043478261,0
stock_28_SP100,0.0017038588709677,0.4293724354838703,0.3464203257563893,1.239455088399792,0.434434412792765,-0.312012619699572,0.5443548387096774,0.5983695652173914,0
stock_48_HSI,0.0016307782258064,0.4109561129032259,0.351378638314727,1.169553490429136,0.4098300220039756,-0.2272322704475489,0.532258064516129,0.5980978260869565,0
stock_59_SP100,0.0008917701612903,0.2247260806451621,0.1670668021719998,1.345127085235046,0.2304651934911592,-0.1820423815525393,0.5443548387096774,0.592391304347826,0
stock_88_SP100,0.0017041854838709,0.4294547419354837,0.3434120975208938,1.25055216468999,0.4431254200135983,-0.2494114194535549,0.4959677419354839,0.5899456521739129,0
stock_10_HSI,0.0022111693548387,0.5572146774193547,0.4543956475017478,1.2262764409890423,0.560292451774701,-0.2692999019770509,0.4596774193548387,0.5855978260869564,6
stock_65_SP100,0.0006960120967741,0.1753950483870965,0.1945603513690224,0.901494303196569,0.1661944400981601,-0.0943166223573299,0.5524193548387096,0.5703804347826087,5
stock_72_HSI,0.0017940443548387,0.4520991774193553,0.3735365677043906,1.2103210676207146,0.4567532221890378,-0.29908351014202,0.5,0.569836956521739,0
stock_8_SP100,0.0021943024193548,0.5529642096774203,0.4866265259462615,1.1363215529654145,0.5340675022679109,-0.3912873383442841,0.5,0.5633152173913043,6
stock_77_SP100,0.0005827983870967,0.1468651935483871,0.150775642840474,0.974064449546242,0.1426278783582579,-0.062597952825234,0.5282258064516129,0.5622282608695652,5
stock_2_HSI,0.0007202419354838,0.1815009677419348,0.1877400085250762,0.9667676547361612,0.1749194976267145,-0.1179779726048329,0.5483870967741935,0.5595108695652173,5
stock_36_HSI,0.0016679274193548,0.4203177096774175,0.3881352107378787,1.0829156903295556,0.4045528301209777,-0.2020675217276221,0.4717741935483871,0.5573369565217392,0
stock_16_HSI,0.0014627822580645,0.3686211290322574,0.3239628863227682,1.1378498729172195,0.3649183699994147,-0.2664012309223348,0.5080645161290323,0.5527173913043478,0
stock_7_HSI,0.0010720806451612,0.2701643225806452,0.2423860462398687,1.114603446740027,0.2673744637399173,-0.1490671426458503,0.4838709677419355,0.5494565217391304,5
stock_94_SP100,0.0007553911290322,0.1903585645161294,0.1743539756075289,1.091793656283622,0.1881888729768326,-0.1382969858178618,0.5120967741935484,0.5434782608695652,5
stock_49_SP100,0.0009173548387096,0.2311734193548411,0.2649056141891591,0.8726633448763712,0.2124675679006462,-0.1600847232031475,0.5604838709677419,0.5418478260869566,5
stock_44_HSI,0.0012869999999999,0.3243239999999994,0.3479549329388823,0.9320862252496545,0.2960165648373896,-0.2092738821287047,0.5403225806451613,0.5396739130434783,0
stock_5_SP100,0.0010772258064516,0.2714609032258057,0.2288498107529779,1.186196756434387,0.2727869746137414,-0.2717654274523992,0.532258064516129,0.5383152173913043,5
stock_9_HSI,0.0009893548387096,0.2493174193548382,0.2315251836161637,1.0768479500189991,0.2451498947664094,-0.1724780685314462,0.5080645161290323,0.533695652173913,5
stock_36_SP100,0.0009198024193548,0.2317902096774189,0.25419190338275,0.9118709392108384,0.2170979819562513,-0.173972284553177,0.5403225806451613,0.523641304347826,5
stock_13_HSI,0.0007714516129032,0.1944058064516121,0.1944833970799246,0.9996010424052778,0.1886153522188152,-0.1135847203124051,0.4556451612903225,0.5157608695652174,5
stock_51_SP100,0.0004003951612903,0.1008995806451602,0.1527748699812434,0.6604461889415976,0.0918517055053542,-0.1128181811190389,0.5685483870967742,0.5141304347826087,5
stock_76_HSI,0.0015083629032258,0.3801074516129037,0.3749483047559028,1.0137596217706857,0.3573042509882833,-0.288189614996154,0.4717741935483871,0.5032608695652173,1
stock_42_SP100,0.0008139596774193,0.2051178387096774,0.277692903732104,0.738649911297549,0.1779232247085587,-0.223814387171843,0.6008064516129032,0.49375,5
stock_1_HSI,0.0009447338709677,0.2380729354838711,0.2541544974886485,0.9367252511221226,0.2243919063550861,-0.1724552543765408,0.4637096774193548,0.4872282608695651,5
stock_43_SP100,0.0008134959677419,0.2050009838709691,0.2793636569593409,0.7338140762554712,0.1772971099975511,-0.2224078627555124,0.5887096774193549,0.4861413043478261,5
stock_49_HSI,0.0005936209677419,0.1495924838709672,0.1906860234643263,0.7844963209847057,0.1381270231144895,-0.1028082523727939,0.4677419354838709,0.4853260869565217,5
stock_11_HSI,0.0013865524193548,0.3494112096774189,0.4181639366333272,0.8355842746520846,0.2941201937424291,-0.2664969905802036,0.4919354838709677,0.4790760869565217,1
stock_52_HSI,0.0015800524193548,0.3981732096774192,0.4798986940407921,0.8297026322884178,0.3221093210687045,-0.2853260273642022,0.4717741935483871,0.4736413043478261,1
stock_101_SP100,0.0004871008064516,0.122749403225806,0.1965989689920795,0.6243644300634726,0.1072030290765657,-0.1132579452739198,0.5,0.4633152173913044,5
stock_9_SP100,0.0007350725806451,0.185238290322581,0.2471070581956336,0.7496276782831863,0.1649191663799647,-0.1904439429169865,0.5201612903225806,0.4624999999999999,5
stock_37_SP100,0.0007230766129032,0.1822153064516121,0.3243796992546032,0.5617346180119388,0.1353806518842037,-0.1878066465199627,0.5685483870967742,0.461141304347826,5
stock_51_HSI,0.0019631774193548,0.4947207096774195,0.6221709252598059,0.7951524084331557,0.3584830376471752,-0.4277557019357642,0.4637096774193548,0.4603260869565217,8
stock_57_HSI,0.0015379112903225,0.3875536451612905,0.4433983208985216,0.874053028383001,0.3308248404152238,-0.3969086479079878,0.4758064516129032,0.4584239130434783,1
stock_75_SP100,0.0003580322580645,0.0902241290322582,0.1592890498984487,0.5664176482299236,0.0793532460165011,-0.1158328426388828,0.5201612903225806,0.4565217391304348,5
stock_60_SP100,0.0004082137096774,0.1028698548387092,0.1643993553297358,0.6257314977445204,0.0919838728332949,-0.1628751080408982,0.5080645161290323,0.4445652173913044,5
stock_19_HSI,0.001064939516129,0.2683647580645166,0.3161258693259675,0.8489174221543924,0.2402933718665261,-0.2385326779582036,0.4516129032258064,0.4442934782608695,1
stock_14_HSI,0.0005890524193548,0.1484412096774195,0.2325593729771288,0.638293816229106,0.1270735595200569,-0.1209810549919584,0.4717741935483871,0.4432065217391304,5
stock_32_SP100,0.0004631330645161,0.1167095322580662,0.2253567803977252,0.5178878223769844,0.0941138952316815,-0.1670947257184836,0.5282258064516129,0.4364130434782608,5
stock_82_HSI,0.0011510927419354,0.2900753709677411,0.3894558524630573,0.7448222157484639,0.2350992452107398,-0.2286396136219324,0.4637096774193548,0.4358695652173913,1
stock_29_SP100,0.0003598870967741,0.0906915483870967,0.2051372256647697,0.4421018569067649,0.0707444474808949,-0.1604452483702401,0.5443548387096774,0.4347826086956521,5
stock_58_HSI,0.0010702258064516,0.2696969032258069,0.3541431635806179,0.7615476760838631,0.2263258427007068,-0.3164797670777601,0.5080645161290323,0.4334239130434782,1
stock_34_SP100,0.0007990483870967,0.2013601935483874,0.2642852746340504,0.7619047025121098,0.1782940270672586,-0.3030433420318609,0.5161290322580645,0.4285326086956521,5
stock_40_SP100,0.0005348991935483,0.1347945967741943,0.2405395116244692,0.5603844285866677,0.1096682240399409,-0.2765480326831976,0.5403225806451613,0.4081521739130435,5
stock_93_SP100,0.000440504032258,0.1110070161290309,0.2370465370180609,0.4682920810632772,0.0849714551921743,-0.2057436142881755,0.5362903225806451,0.4065217391304348,5
stock_40_HSI,0.0009198830645161,0.2318105322580647,0.3581507314439943,0.6472429396512736,0.1794336410949848,-0.3229158380565779,0.5120967741935484,0.402445652173913,1
stock_39_HSI,0.0010409677419354,0.2623238709677412,0.473000909477804,0.5545948553404441,0.1573516393965388,-0.3560983574037563,0.5443548387096774,0.4005434782608695,1
stock_8_HSI,0.0011938064516129,0.3008392258064519,0.4549102817977664,0.6613155117478574,0.214641393329078,-0.2946735953632293,0.4475806451612903,0.3991847826086956,1
stock_41_HSI,0.0006550120967741,0.1650630483870971,0.3068158544012665,0.5379873498037061,0.1231537279444532,-0.2154692337734601,0.4717741935483871,0.3771739130434782,2
stock_66_SP100,0.0002999677419354,0.0755918709677422,0.204739594849263,0.3692098298006102,0.05502806531491,-0.1838137648886984,0.5201612903225806,0.3736413043478261,5
stock_31_HSI,0.0003527620967741,0.0888960483870969,0.2350555760364458,0.3781916170042841,0.0623387648236948,-0.1643194885927627,0.4758064516129032,0.3616847826086956,2
stock_3_HSI,0.0003979717741935,0.1002888870967746,0.2838481355235065,0.353318815752691,0.0611054083695459,-0.2295986073114158,0.5161290322580645,0.3456521739130435,5
stock_73_SP100,0.0015940120967741,0.4016910483870963,1.051258949074818,0.3821047599553019,-0.6839430475352,-0.9192175159820848,0.5806451612903226,0.3429347826086957,7
stock_20_HSI,0.0003782419354838,0.0953169677419348,0.2509960641621022,0.3797548302605085,0.0650827420827975,-0.22569070382259,0.4838709677419355,0.3418478260869565,2
stock_31_SP100,-7.419758064516039e-05,-0.0186977903225804,0.2012089938992803,-0.0929272094662926,-0.0376621896779969,-0.1710472954772537,0.5483870967741935,0.3323369565217391,5
stock_28_HSI,0.0009209637096774,0.23208285483871,0.5323094756850606,0.4359923417482449,0.0932152935662489,-0.3580028618028046,0.4838709677419355,0.3301630434782608,1
stock_25_HSI,0.0015581653225806,0.3926576612903221,0.797352467367863,0.4924518043902501,0.0876468778302335,-0.5083355383337196,0.4274193548387097,0.3298913043478261,8
stock_45_HSI,0.0005684717741935,0.1432548870967734,0.3331746867811743,0.4299693007316061,0.0904152321001789,-0.3442645159851414,0.4758064516129032,0.3154891304347825,2
stock_4_HSI,0.0006296693548387,0.1586766774193545,0.407394685540136,0.389491279713127,0.0786168497657309,-0.272541109098978,0.4435483870967742,0.308695652173913,1
stock_24_HSI,0.0002949556451612,0.0743288225806452,0.2811427081168774,0.264381114767327,0.0351133261185987,-0.3181305883187771,0.4959677419354839,0.2894021739130434,2
stock_91_SP100,0.0006647903225806,0.167527161290322,0.5459545549861332,0.3068518428142377,0.0193089668817523,-0.4566636580219307,0.5201612903225806,0.2891304347826087,1
stock_55_HSI,0.0006853629032258,0.1727114516129021,0.4321271177279432,0.3996774202021663,0.0815917401342662,-0.3792650409683519,0.4435483870967742,0.2842391304347826,1
stock_76_SP100,-4.320161290322268e-05,-0.0108868064516121,0.2467095784086824,-0.0441280250318362,-0.0397623485707752,-0.1919369439579418,0.4919354838709677,0.2839673913043478,2
stock_56_HSI,0.0002789153225806,0.0702866612903225,0.3553311746386811,0.1978060646150556,0.0070550848586123,-0.2893825248291232,0.4838709677419355,0.2758152173913043,2
stock_53_HSI,8.564516129032452e-05,0.0215825806451617,0.3060207372909979,0.0705265297908184,-0.0244364330039722,-0.2585578678510184,0.4637096774193548,0.2605978260869565,2
stock_83_SP100,0.0003728467741935,0.0939573870967741,0.3840823943711364,0.2446282060145242,0.0234583400647352,-0.3237573410068647,0.4516129032258064,0.2597826086956522,1
stock_24_SP100,-4.047983870967705e-05,-0.0102009193548386,0.2282769112464531,-0.0446866014575844,-0.0352007850761586,-0.2103536776279694,0.4475806451612903,0.2584239130434783,2
stock_46_HSI,0.0004012580645161,0.1011170322580636,0.5212911414519404,0.1939742002452308,-0.0338038521586515,-0.3624037947556241,0.4919354838709677,0.2570652173913044,1
stock_33_HSI,-4.59516129032261e-05,-0.0115798064516129,0.2662082433145263,-0.0434990528746751,-0.0452237889079624,-0.2298836461256398,0.4758064516129032,0.2548913043478261,2
stock_23_HSI,0.0004754999999999,0.1198259999999991,0.5043678779564892,0.2375765889086542,-0.0054527774383108,-0.3523020891670627,0.4516129032258064,0.2508152173913043,1
stock_95_SP100,-0.0002321088709677,-0.0584914354838707,0.2685480136351138,-0.2178062488421354,-0.089673585325918,-0.2431567347675687,0.5201612903225806,0.25,2
stock_18_HSI,0.0003084153225806,0.0777206612903223,0.4561416977394714,0.1703871004897978,-0.0244319133497477,-0.4293810980246638,0.4919354838709677,0.2396739130434782,1
stock_19_SP100,-7.002419354838483e-05,-0.0176460967741929,0.2705278296946569,-0.0652283973671397,-0.0516759601697299,-0.2994160260387197,0.4959677419354839,0.2369565217391304,2
stock_65_HSI,0.000201189516129,0.0506997580645153,0.4250142195659963,0.1192895572206677,-0.0372203988395891,-0.3102153840063076,0.4637096774193548,0.233695652173913,1
stock_30_SP100,-0.0003370443548387,-0.0849351774193562,0.3133356117022869,-0.2710677441287991,-0.1251215797953792,-0.3413148424846754,0.5362903225806451,0.2179347826086956,2
stock_6_SP100,-0.0001105120967741,-0.0278490483870966,0.3454570992538759,-0.0806150704305844,-0.0827798809139231,-0.3083682136302879,0.4838709677419355,0.2135869565217391,2
stock_26_SP100,-0.0004186330645161,-0.1054955322580649,0.2160671674829824,-0.488253414375758,-0.1190480589214971,-0.2337476488922274,0.4717741935483871,0.2021739130434782,2
stock_35_HSI,0.0003592620967741,0.0905340483870967,0.6587806454387712,0.1374266973596315,-0.1108556781968901,-0.4759028816982606,0.4475806451612903,0.197554347826087,8
stock_6_HSI,-2.8669354838759613e-06,-0.0007224677419367,0.3413063926969601,-0.0021167717845185,-0.0563003018369629,-0.3766904106716374,0.439516129032258,0.1956521739130434,2
stock_29_HSI,-0.000276814516129,-0.069757258064516,0.3933435132234767,-0.1773443713177079,-0.1346491546007565,-0.3459648001106034,0.5040322580645161,0.1945652173913044,2
stock_62_HSI,7.678225806451032e-05,0.0193491290322566,0.4168482778029572,0.0464176777561328,-0.0632153054930759,-0.4522474753295715,0.4354838709677419,0.1820652173913043,2
stock_64_HSI,0.0003579919354838,0.0902139677419341,0.6774047649976624,0.1331758682598659,-0.1257903499603483,-0.6141178991181996,0.4475806451612903,0.1785326086956521,8
stock_80_HSI,-0.000360004032258,-0.0907210161290337,0.419832431585768,-0.216088632758473,-0.1613580205809338,-0.341242066177005,0.4798387096774194,0.1722826086956521,2
stock_27_HSI,-0.0006057459677419,-0.1526479838709682,0.2726735589615781,-0.559819530915638,-0.1707347575882239,-0.2823669929655477,0.4838709677419355,0.1673913043478261,2
stock_75_HSI,1.0124999999996136e-05,0.002551499999999,0.5744741037976413,0.0044414534669743,-0.1483105060639187,-0.5094066594451919,0.4516129032258064,0.1654891304347825,8
stock_26_HSI,-1.067741935483954e-05,-0.0026907096774195,0.5356780324263193,-0.0050229979848756,-0.1312519443270249,-0.4179593424222397,0.4274193548387097,0.1630434782608696,2
stock_14_SP100,-0.0004312701612903,-0.1086800806451618,0.3348112687595309,-0.3246010238777787,-0.1500300810401762,-0.4451873090523373,0.5,0.1627717391304347,2
stock_30_HSI,0.0002022499999999,0.0509669999999999,0.7003566389168732,0.0727729233477706,-0.1686030560537301,-0.5255797895627515,0.4153225806451613,0.158695652173913,8
stock_83_HSI,-0.0004688266129032,-0.1181443064516129,0.4799118957781029,-0.2461791580724629,-0.2098182636791087,-0.3471617595851814,0.4838709677419355,0.1551630434782608,2
stock_71_SP100,-0.0007049596774193,-0.1776498387096768,0.3473405666605535,-0.511457214507539,-0.211638120367983,-0.4203371314766875,0.532258064516129,0.1546195652173912,2
stock_50_HSI,0.0001632741935483,0.0411450967741936,0.6814198821037148,0.0603814151227409,-0.1650049403501056,-0.5823337382515648,0.4354838709677419,0.1532608695652173,8
stock_12_SP100,-0.0003627983870967,-0.0914251935483872,1.0187832191959614,-0.089739595063748,-0.795836626889674,-0.9254892426712674,0.5403225806451613,0.148641304347826,7
stock_100_SP100,-0.0010472419354838,-0.2639049677419353,0.6932543175615339,-0.3806755487224367,-0.5019347606083406,-0.6667236839331322,0.5645161290322581,0.1315217391304347,3
stock_77_HSI,-0.0002823629032258,-0.0711554516129037,0.5461858367884628,-0.1302769988165441,-0.1935542376069284,-0.4215729361809434,0.4314516129032258,0.1296195652173913,2
stock_67_HSI,-0.0005414959677419,-0.1364569838709681,0.4301029991138173,-0.3172658273765205,-0.2012920233364457,-0.3590468745263684,0.4435483870967742,0.127445652173913,2
stock_22_SP100,-0.0008239112903225,-0.2076256451612897,0.3925464876255121,-0.5289198902713502,-0.2448405052128273,-0.3991237595592457,0.4838709677419355,0.1176630434782608,2
stock_32_HSI,-0.0006463508064516,-0.1628804032258059,0.3938677067964225,-0.4135408930846762,-0.21058531617901,-0.3934755774246856,0.4435483870967742,0.1097826086956521,2
stock_71_HSI,-0.0005888548387096,-0.1483914193548388,0.5409225757939926,-0.2743302387352251,-0.252174784257312,-0.5461125609422629,0.4637096774193548,0.10625,3
stock_48_SP100,-0.0011442580645161,-0.2883530322580644,0.5071478356586038,-0.5685778622787514,-0.341711996933622,-0.6278534785705594,0.5201612903225806,0.0959239130434782,3
stock_38_HSI,-0.0007459959677419,-0.1879909838709682,0.5129122555926873,-0.366516849268377,-0.2691798161907877,-0.4942777071620882,0.4435483870967742,0.0896739130434782,3
stock_63_HSI,-0.0010717903225806,-0.2700911612903217,0.4538586114981693,-0.5950997831654256,-0.3078384272745511,-0.542902604861379,0.4919354838709677,0.0894021739130434,3
stock_70_HSI,-0.0010515161290322,-0.2649820645161286,0.7819195139320023,-0.3388866242557697,-0.4332611226396741,-0.7299406949013658,0.4758064516129032,0.0785326086956521,3
stock_47_HSI,-0.0009361249999999,-0.2359034999999986,0.6505655817597072,-0.3626129426673726,-0.3550843557933554,-0.5899003259285597,0.4274193548387097,0.0665760869565217,3
stock_61_HSI,-0.0018440725806451,-0.4647062903225806,0.4106569554496812,-1.1316167525123588,-0.4176048630758922,-0.524875373692119,0.4798387096774194,0.064945652173913,3
stock_79_HSI,-0.0012148911290322,-0.3061525645161286,0.3869174709411699,-0.7912606369813643,-0.3127208930844865,-0.4921798358162311,0.4435483870967742,0.0641304347826087,3
stock_68_HSI,-0.0009406129032258,-0.2370344516129043,0.5429669703768135,-0.4365540899263262,-0.3152258889285397,-0.5506541088862257,0.4233870967741935,0.0630434782608695,3
stock_22_HSI,-0.0013898709677419,-0.3502474838709685,0.4465295158107695,-0.7843770041382807,-0.3582693305971302,-0.5332760255347774,0.4637096774193548,0.0608695652173913,3
stock_69_HSI,-0.0018089354838709,-0.4558517419354853,0.6113993105102064,-0.7455875956992521,-0.4706643471422138,-0.5721844270389779,0.4354838709677419,0.0364130434782608,3
stock_21_HSI,-0.0017012499999999,-0.4287149999999993,0.5377918251445889,-0.7971764908935468,-0.4311556382134116,-0.6030349049829122,0.439516129032258,0.0323369565217391,3
stock_66_HSI,-0.0025351330645161,-0.638853532258064,0.8216765990647988,-0.7774999713819072,-0.622102599839054,-0.7988238018528898,0.4153225806451613,0.0171195652173913,3
